Names,Years,Duration,Genre,Rating,Stars,Votes
Blue,2020,91,Drama            ,1.4,"God'spower Okoh, Ray Emodi, Tina Mba, Odera Olivia Orji, Ben Lugo Touitou]",22
The Same Day,2012,90,Crime            ,1.7,"Uche Chika, Don Alphonso, Michael Arg, Pat Attah, Kristine Cricri]",29
Chain,2018,74,Drama            ,1.9,"Awal Abdulfatai Rahmat, Chisimdi Benjamin, Andre Ibe, Dineo Mofammere, Helen Enado Odigie]",13
Rising Moon,2005,85,Drama            ,2.1,"Add a Plot, Andy Nwakalor, Akume Akume, Nzubechi Anele, Prince Emeka Ani, Arthur Brooks]",10
The Python,2003,118,"Drama, Horror            ",2.2,"Add a Plot, Amayo Uzo Philips, Stephen Ahanaonu, Pete Edochie, Rita Edochie, Philip Emeniko]",5
One Bad Turn,2022,68,Horror            ,2.5,"Add a Plot, Blessing Effiom Egbe, Lota Chukwu, Shaffy Bello, Bobby Michaels, Enyinna Nwigwe]",14
The Duplex,2015,92,Drama            ,2.6,"Ikechukwu Onyeka, Patrick Chukwueko, Aret Edet, Uru Eke, Mike Ezuruonye]",145
Warriors of Satan,2007,113,Horror            ,2.8,"Add a Plot, Kalu Anya, Emeka Ike, Desmond Elliot, Livinus Nnochiri, Chinyere Nwabueze]",6
666 (Beware the End Is at Hand) 2,2007,104,Romance            ,2.9,"Ugo Ugbor, Prince Emeka Ani, Bob Emmanuel Anosike, Fred Ariko, Kenneth Chukwu]",23
Charmed,2018,130,Comedy            ,3.1,"See full summary, Adeola Osunkojo, Jimmy Odukoya, Bimbo Ademoye, Omowunmi Dada, Elozonam]",19
Chief Daddy 2: Going for Broke,2022,94,Thriller            ,3.2,"Niyi Akinmolayan, Chika Agwuike, Dakore Akande, Violet Akhator, Funke Akindele]",153
Sanitation Day,2020,80,Drama            ,3.2,"Seyi Babatope, Rosemary Abazie, Baaj Adebule, Tunji Aderibigbe, Tobi Bakre]",19
Small Chops,2020,113,Horror            ,3.3,"Robert Peters, Toyin Abraham, Omotunde Adebowale David, Lilian Chioma Agu, Gbenga Alabi]",34
End of the Wicked,1999,105,Drama            ,3.3,"Add a Plot, Teco Benson, Charles Okafor, Hilda Dokubo, Alex Usifo Omiagbo, Patience Oseni]",68
Daughters,2020,100,"Biography, Drama            ",3.4,"Gbemi Phillips, Rotimi Adelegan, Agbe Adeyemi, Amaka, Ashley Ashey]",23
Invasion 1897,2014,62,"Drama, Romance            ",3.4,"Lancelot Oduwa Imasuen, Murtaza Arif, Sandra Idubor, Ehigiator Joy Nosa, Mike Omoregbee]",104
Lagos Cougars,2013,98,Drama            ,3.4,"Desmond Elliot, Godwin Akpan, John Akpan, Jojo Charry, Monalisa Chinda]",6
Last Request,2019,125,Drama            ,3.5,"James Abinibi, Bimbo Akintola, Rekiya Attah, Yemi Blaq, Lawal Dolapo]",25
Chains,2019,104,Drama            ,3.5,"Andrew Osawaru, Josephine Agbonmwanre, Sharon Eronmwonsuyi, Calistra Akenobo, Edgar Ogbeifun]",89
Royal Battle 2,2005,69,Thriller            ,3.5,"Add a Plot, Adim Williams, Laide Bakare, Stephanie Linus, Amaechi Muonagor, Saint Obi]",31
Deranged,2017,128,Drama            ,3.6,"See full summary, Jameel Buari, Kelvin Boateng, Nadia Buari, Pascaline Edwards, Jason El-Agha]",18
Glamour Girls,2022,106,"Romance, Thriller            ",3.7,"Bunmi Ajakaiye, Robert Adewale, Lilian Afegbai, Shantel Agba, Chika Agwuike]",179
Hey You!,2022,105,Drama            ,3.8,"Uyoyou Adia, John Promise Adurable, Tunbosun Aiyedehin, Rita Anwarah, Ebisan Arayi]",93
Weather for Two,2022,111,"Drama, History, Thriller            ",3.8,"Add a Plot, Wale Adesanya, Abu Ayuba, Ossai Praise Chioma, Eso Dike, Emem Isaac]",10
Swallow,2021,140,"Action, Thriller            ",3.9,"Kunle Afolayan, Deyemi Okanlawon, Kunle Afolayan, Chioma Chukwuka Akpotha, Ijeoma Grace Agu]",205
Domitilla,1996,120,"Action, Adventure, Biography            ",3.9,"Add a Plot, Zeb Ejiro, Sandra Achums, Ada Ameh, Sam Arogundade, Ejiro Benjamin]",17
Amina,2021,97,Drama            ,4.0,"Izu Ojukwu, Usman Tijani Abubakar, Jennifer Ezekiel Ade, Paul Adubazi, Lucy Ameh]",385
Man of God,2022,75,"Horror, Mystery            ",4.0,"Bolanle Austen-Peters, Akah Nnani, Osas Ighodaro, Atlanta Bridget Johnson, Dorcas Shola Fapson]",172
Nneka the Pretty Serpent,2020,103,"Comedy, Crime            ",4.0,"Tosin Igho, Idia Aisien, Kenneth Okolie, Onikosi Bukola Abisoye, Bimbo Ademoye]",141
Quam's Money,2020,104,"Action, Thriller            ",4.0,"Kayode Kasum, Falz, Nse Ikpe-Etim, Uchemba Williams, Toni Tones]",71
Volcano,2020,115,Horror            ,4.0,"Onesoul, Omini Aho, Bimbo Akintola, Rachel Edwards, Damilare Kuku]",23
The Signs of Endtime 2,2007,101,Horror            ,4.0,"Ugo Ugbor, Prince Emeka Ani, Fred Ariko, Kenneth Chukwu, Musa Ibrahim]",9
The Signs of End Time,2007,132,"Crime, Drama            ",4.1,"Ugo Ugbor, Prince Emeka Ani, Fred Ariko, Kenneth Chukwu, Musa Ibrahim]",10
The Set Up,2019,95,"Drama, Romance            ",4.2,"See full summary, Niyi Akinmolayan, Sunny Ajaero, Dakore Akande, Uzor Arukwe, Ayoola Ayolola]",149
Finding Hubby,2020,111,Drama            ,4.2,"See full summary, Olufemi Ogunsanwo, Rosemary Abazie, Munachi Abii, Omobola Akinde, Teniola Aladese]",44
A Dance to Forget,2020,80,Adventure            ,4.2,"See full summary, Okechukwu Oku, Nestor Orji, Nazo Ekezie, Ngozi Ezeonu, Nonny Igboanugo, Ugo Doris Igwe]",14
Tatu,2017,81,Thriller            ,4.2,"Don Omope, Monday Abraham, Toyin Abraham, Gabriel Afolayan, Funlola Aofiyebi]",24
Super Hero,2005,71,Thriller            ,4.2,"Add a Plot, Chika Anyanwu, Amaechi Muonagor, Ramsey Nouah, Charles Okafor]",5
The Awakening,2013,120,"Comedy, Romance            ",4.2,"Add a Plot, Ethan Okwara, James Omokwe, O.C. Ukeje, Deleke Aroleye, Kehinde Bankole, Femi Brainard]",5
"Mum, Dad, Meet Sam",2014,81,"Action, Drama            ",4.3,"Tony Sebastian Ukpo, Anthony Ofoegbu, Tino Orsini, Joseph Benjamin, Emily Lucienne]",120
Darkest Night 2,2005,96,Comedy            ,4.3,"Add a Plot, Ifeanyi Onyeabor, Prince Emeka Ani, Segun Arinze, Sam Dede, Kalu Ikeagwu]",12
The Accidental Spy,2017,104,Action            ,4.5,"Roger Russell, Judith Akuta, Christine Allado, Dan Allen, Steve Broad]",78
The Ghost and the Tout,2018,103,"Comedy, Fantasy            ",4.5,"Charles Uwagbai, Toyin Abraham, Sambasa Nzeribe, Chioma Chukwuka Akpotha, Chioma Omeruah]",33
The Wedding Party 2: Destination Dubai,2017,98,Comedy            ,4.6,"See full summary, Niyi Akinmolayan, Banky Wellington, Adeolu Adefarasin, Alibaba Akporobome, Majed AlZubaidi]",314001
Country Hard,2021,119,"Crime, Drama            ",4.6,"Paul Utomi, Kehinde Bankole, Tope Tedela, Timini Egbuson, Omowunmi Dada]",14
Adam & Eve,2003,70,"Drama, Romance            ",4.6,"Add a Plot, Charles Novia, Sam Dede, Kate Effiong, Ngozi Ezeonu, Kate Henshaw-Nuttal]",6
Discontent,2017,40,Drama            ,4.6,"Add a Plot, Onesoul, Joy Ada, Seun Akindele, Shaffy Bello, Omena Daniels]",6
Shanty Town,2023,110,"Action, Crime, Drama            ",4.7,"Sola Sobowale, Nancy Isime, Richard Mofe-Damijo, Chidi Mokeme]",282
The Set Up 2,2022,99,"Crime, Drama            ",4.7,"Chinaza Onuzo, Grace Abah, Oyindamola Adewale, Lilian Afegbai, Seun Akindele]",43
Chief Daddy,2018,126,Comedy            ,4.7,"See full summary, Niyi Akinmolayan, Bisola Aiyeola, Dakore Akande, Funke Akindele, Zainab Balogun]",293
Dwindle,2021,117,Comedy            ,4.7,"Kayode Kasum, Dare Olaitan, Jide Kene Achufusi, Lateef Adedimeji, Bisola Aiyeola, Funke Akindele]",20
Crazy Grannies,2021,81,"Comedy, Drama            ",4.7,"Tope Alake, Kayode Peters, Rosemary Abazie, Adebowale Adedayo, Princess Damilola Adekoya, Pearl Agwu]",19
Dazzling Mirage,2014,105,Drama            ,4.7,"Add a Plot, Tunde Kelani, Jumoke Aderounmu, Dupe Adetuwo, Kunle Afolayan, Tunji Afolayan]",10
Catch.er,2017,109,"Crime, Drama            ",4.7,"Walter Taylaur, Gbenro Ajibade, Blossom Chukwujekwu, Omowunmi Dada, Alexx Ekubo]",32
Queen,2004,106,Drama            ,4.7,"Add a Plot, Jeta Amata, Halimar Abubakar, Ansa Ekpo Bassey, Stella Damasus, Richard Mofe-Damijo]",12
True Romance 2,2004,12,"Drama, Romance            ",4.8,"Chico Ejiro, Lilian Bach, Rita Dominic, Desmond Elliot, Richard Mofe-Damijo]",11
A Soldier's Story 2,2020,106,Action            ,4.8,"Frankie Ogar, Eric Roberts, John J. Vogel, Daniel K. Daniel, Somkele Iyamah-Idhalama]",54
When Love Happens,2014,135,Romance            ,4.8,"Seyi Babatope, Shaffy Bello, Kc Ejelonu, Keppy Ekpenyong-Bassey, Desmond Elliot]",134
Crazy People,2018,99,"Comedy, Thriller            ",4.8,"Moses Inwang, Kunle Afolayan, Gift Amaka Anizoba, Funny Bone, Monalisa Chinda]",19
Little Astro Boy,2019,104,"Animation, Comedy, Family            ",4.8,"Adam Fedyk, Andrew Creightney, Shannon Chan-Kent, Ashley Alexander]",10
Mr Ibu in London,2004,106,Comedy            ,4.8,"Add a Plot, Adim Williams, John Okafor, Kareem Adepoju, Marian Davies, Lanre Falana]",8
Darkest Night,2005,106,"Action, Drama            ",4.8,"Add a Plot, Ifeanyi Onyeabor, Prince Emeka Ani, Segun Arinze, Sam Dede, Kalu Ikeagwu]",13
The Prince and Me 2,2006,93,Drama            ,4.8,"Add a Plot, Ikechukwu Onyeka, Chioma Chukwuka Akpotha, Emeka Amakeze, Mike Ezuruonye, Olu Jacobs]",369
Out of Luck,2015,91,Thriller            ,4.8,"Add a Plot, Niyi Akinmolayan, Femi Branch, Linda Ejiofor, Adesua Etomi-Wellington, Adeniyi Johnson]",7
The Kingmaker,2003,98,Drama            ,4.8,"Add a Plot, Fred Amata, Zulu Adigwe, Bukky Ajayi, Iyabo Amoke, Enebeli Elebuwa]",9
RattleSnake: The Ahanna Story,2020,104,Drama            ,4.9,"See full summary, Ramsey Nouah, Stan Nze, Osas Ighodaro, Bucci Franklin, Odera Adimorah]",119
Something Wicked,2017,110,Thriller            ,4.9,"Yemi Morafa, Gabriel Afolayan, Bisola Aiyeola, Omowunmi Dada, Iretiola Doyle]",9
The Department,2015,97,"Romance, Thriller            ",4.9,"See full summary, Remi Vaughan-Richards, Chima Adighije, Seun Akindele, Olisa Anolia, Great Cool]",32
Namaste Wahala,2021,124,"Drama, Romance            ",5.0,"Hamisha Daryani Ahuja, Ini Dima Okojie, Ruslaan Mumtaz, Richard Mofe-Damijo, Joke Silva]",1588
Merry Men: The Real Yoruba Demons,2018,108,"Action, Comedy            ",5.0,"See full summary, Toka McBaror, Abbey Chile Abuede, Damilola Adegbite, Lilian Afegbai, Amanna Agu]",145
Legacy,2010,95,Thriller            ,5.0,"Eromose, Idris Elba, William Hope, Monique Gabriela Curnen, Richard Brake]",1382
The Price,2017,110,Drama            ,5.0,"Anthony Onah, Lucy Griffiths, Michael Hyatt, Peter Vack, Bill Sage]",280
A Trip to Jamaica,2016,102,"Comedy, Drama            ",5.0,"Robert Peters, Ayo Makun, Funke Akindele, Nse Ikpe-Etim, Dan Davies]",71
Sylvia,2018,150,"Fantasy, Romance, Thriller            ",5.0,"Daniel Oriahi, Zainab Balogun, Chris Attoh, Ini Dima Okojie, Udoka Oyeka]",139
Okafor's Law,2016,100,"Comedy, Drama, Romance            ",5.0,"See full summary, Omoni Oboli, Toyin Abraham, Halimar Abubakar, Muyiwa Adedeji, Tomi Adeoye]",53
Unroyal,2020,111,"Comedy, Romance            ",5.0,"Moses Inwang, Kingsley Abasili, Weme Charity Ada, Femi Adebayo, Erica Joy Awaji]",14
5:55,2021,110,"Comedy, Drama, Romance            ",5.0,"Chibuzor Afurobi, Rita Edward, Bucci Franklin, Priye George, Keira Hewatch]",57
Lost in London,2017,4,Comedy            ,5.0,"See full summary, Sunkanmi Adebayo, Alexx Ekubo, Ime Bishop Umoh, Ella Bates, Kemi Lofinmakin]",42
Tainted Canvas,2020,96,"Drama, Romance            ",5.0,"Segilola Ogidan, Nonso Bassey, Tina Mba, Efa Iwara, Segilola Ogidan]",40
We Don't Live Here Anymore,2018,120,Drama            ,5.0,"Tope Oshin, Francis Sule, Temidayo Akinboro, Funlola Aofiyebi, Katherine Obiang]",33
Just Not Married,2016,16,Comedy            ,5.0,"Uduak-Obong Patrick, Perpetua Adefemi, Seun Afolabi, Ijeoma Grace Agu, Larry Homs Ahmed]",9
Sugar Rush,2019,120,"Action, Comedy            ",5.2,"Kayode Kasum, Lateef Adedimeji, Bimbo Ademoye, Bisola Aiyeola, Uzor Arukwe]",118
The Island,2018,94,"Action, Thriller            ",5.2,"See full summary, Toka McBaror, Femi Adebayo, Segun Arinze, Sukanmi Bahlofin, Tokunbor Idowu]",40
Dear Affy,2020,126,"Comedy, Romance            ",5.2,"Samuel Olatunji, Toyin Abraham, Seilat Adebowale, Bimbo Ademoye, Chiwetalu Agu]",5
Let Karma,2019,90,Drama            ,5.2,"Biodun Stephen, Ray Adeka, Bisola Aiyeola, Evelyn Bada, Blossom Chukwujekwu]",7
Deal or No Deal,2007,95,Game-Show            ,5.2,"Add a Plot, John Fashanu]",6
War Game 2,2006,90,"Action, Drama, Thriller            ",5.2,"Add a Plot, Obi Callys Obinali, Chigozie Atuanya, Nonso Diobi, Ini Edo, Oge Okoye]",12
Black November,2012,107,"Action, Crime, Drama            ",5.3,"Jeta Amata, Mbong Amata, Enyinna Nwigwe, Hakeem Kae-Kazim, Anne Heche]",664
The Royal Hibiscus Hotel,2017,94,"Comedy, Romance            ",5.3,"Ishaya Bako, Zainab Balogun, Kenneth Okolie, Jide Kosoko, Rachel Oniga]",304
New Money,2018,109,"Drama, Fantasy            ",5.3,"Tope Oshin, Adeolu Adefarasin, Dakore Akande, Tayo Akinsipe, Amaka Akukwe]",77
Finding Hubby 2,2022,100,"Comedy, Romance            ",5.3,"Olufemi Ogunsanwo, Rosemary Abazie, Munachi Abii, Omobola Akinde, Teniola Aladese]",21
Black Gold,2011,113,Drama            ,5.3,"Jeta Amata, Mbong Amata, Tom Sizemore, Vivica A. Fox, Hakeem Kae-Kazim]",289
Day of Destiny,2021,142,"Adventure, Drama, Sci-Fi            ",5.3,"Akay Ilozobhie, Abosi Ogba, Olumide Oworu, Denola Grey, Gbemi Akinlade, Jide Kosoko]",48
The Snake Girl,2006,84,Drama            ,5.3,"Add a Plot, Emeka Hill Umeasor, Emeka Ike, Oge Okoye, Akume Akume, Maureen Solomon]",12
The Arbitration,2016,99,Drama            ,5.3,"Niyi Akinmolayan, Fiyin Adebayo, Bimbo Ademoye, Bunmi Ajakaiye, Lota Chukwu]",129
Miz Behaviour,2020,120,Comedy            ,5.3,"Biodun Stephen, Bimbo Ademoye, Sarah Ebegbe, Ebenezer Eno, Blessing Jessica Obasi-Nze]",9
Anikulapo,2022,100,"Drama, Fantasy            ",5.4,"Kunle Afolayan, Adebowale Adedayo, Aderemi Adedeji, Bimbo Ademoye, Kareem Adepoju]",379
Lockdown,2021,116,Thriller            ,5.4,"Moses Inwang, Jide Kene Achufusi, Omini Aho, Chioma Chukwuka Akpotha, Josh Alfred]",51
Juju Stories,2021,58,"Drama, Fantasy, Horror            ",5.4,"Abba Makama, C.J. 'Fiery' Obasi, Michael Omonua, Belinda Agedah Yanga, Paul Utomi, Elvis Poko, Don Ekwuazi]",122
Up North,2018,100,Drama            ,5.4,"See full summary, Tope Oshin, Adzi Adamu, David Aisekhaleye, Rekiya Attah, Andy Bature]",159
The Man for the Job,2022,12,Drama            ,5.4,"Niyi Akinmolayan, Akintoba Adeoluwa, Rita Anwarah, Uzor Arukwe, Ali Baba]",33
The Amazing Grace,2006,83,"Drama, History            ",5.4,"Jeta Amata, Nick Moran, Scott Cleverdon, Mbong Amata, Fred Amata]",118
Made in Heaven,2019,224,"Comedy, Fantasy, Romance            ",5.4,"Add a Plot, Toka McBaror, Toyin Abraham, Dauda Adewale, Donia Mako Adewoye, Amaka Ann Amamchukwu]",6
Heart of a Fighter,2011,118,Drama            ,5.4,"Ifeanyi Ogbonna, Ramsey Nouah, Mercy Johnson Okojie, Enebeli Elebuwa, Chika Ike]",5
Almost Had You,2021,110,"Drama, Romance            ",5.4,"Richards Omos-Iboyi, Ayomide Ajibo, Norbert Asikhia, Jibola Dabo, Bryan Emmanuel]",7
Besida,2018,90,"Short, Drama            ",5.4,"See full summary, Chuko Esiri]",19
Matters Arising,2014,115,Comedy            ,5.4,"Pascal Amanfo, Mercy Akanyak, Pascal Amanfo, Johnson Chineye, Emilia Dikeh]",8
Blood Sisters,2022,82,"Crime, Drama, Thriller            ",5.5,"Nancy Isime, Ini Dima Okojie, Uche Jombo, Kehinde Bankole]",1018
'76,2016,120,"Drama, Romance            ",5.5,"Izu Ojukwu, Efetobore Afatakpa, Tunde Alabi, Bisi Ariyo, Preach Bassey]",248
Payday,2018,10,Comedy            ,5.5,"Cheta Chukwu, Baaj Adebule, Ame Aiyejina, Bisola Aiyeola, Orwi Manny Ameh]",28
Dangerous Men: First Chapter,2011,106,Action            ,5.5,"GuGu E. Michaels, Akeyno, Leo U. Che, George Davidson, GuGu E. Michaels]",29
Slow Country,2017,130,"Action, Drama            ",5.5,"See full summary, Eric Aghimien, Ivie Okujaye, Sambasa Nzeribe, Tope Tedela, Majid Michel]",37
The Eve,2018,94,Romance            ,5.5,"Tosin Igho, Adeolu Adefarasin, Hauwa Allahbura, Uche Ben, Jagila Donatus]",12
Unwanted Guest,2011,115,Drama            ,5.5,"Daniel Ademinokan, Vivian Achor, Daniel Ademinokan, Sophy Aiida, Adetutu Ajibose]",11
Living in Bondage 2,1993,101,Drama            ,5.5,"Add a Plot, Chris Obi Rapu, Francis Agu, Grace Ayozie, Sydney Diala, Ngozi Nwaneto]",8
A Cemetery of Doves,2018,102,"Short, Drama            ",5.5,"Adetokunboh Sangodoyin, Adelaja Adebayo, Michael Asuelime]",16
Òlòturé,2019,95,"Crime, Drama            ",5.6,"Kenneth Gyang, Ada Ameh, Beverly Osu, Blossom Chukwujekwu, Bukola Oladipupo]",831
Eagle Wings,2021,105,Thriller            ,5.6,"Paul Apel Papel, Sadiq Daba, Francis Duru, Jamila Ibrahim, Femi Jacobs]",355
Sharon Stone,2002,106,"Drama, Romance            ",5.6,"Add a Plot, Adim Williams, Abuchi Adim, Funke Akindele, Remi Bangbade, Peter Bunor]",5
The Millions,2019,137,"Comedy, Crime, Thriller            ",5.6,"See full summary, Toka McBaror, Toyin Abraham, Vera Chidera, Blossom Chukwujekwu, Folusho Kayode Durojaiye]",56
The Bridge,2017,38,"Drama, Romance            ",5.6,"Kunle Afolayan, Ademola Adedoyin, Chedinma Ekile, Kunle Afolayan, Zack Orji]",40
Far from Home,2022,32,Drama            ,5.8,"Richard Mofe-Damijo, Mike Afolarin, Adesua Etomi-Wellington, Funke Akindele]",293
God Calling,2018,120,Drama            ,5.8,"Bodunrin Sasore, Ademola Adedoyin, Seun Ajayi, Zainab Balogun, Patrick Diabuah]",157
All Na Vibes,2021,80,Drama            ,5.8,"Taiwo Egunjobi, Adeola Layade Azaria, Aderinoye Babatunde, Molawa Davis, Dami Deremi]",13
Badamasi (Portrait of a General),2021,135,"Biography, History, Thriller            ",5.8,"Obi Emelonye, Tony Aclet, Chris Ada, Nnamdi Agbo, Julius Agwu]",33
Beyonce & Rihanna,2008,135,"Drama, Romance            ",5.8,"See full synopsis, Afam Okereke, Jim Iyke, Omotola Jalade-Ekeinde, Nadia Buari, Uche Jombo]",18
Still Falling,2021,105,"Drama, Romance            ",5.8,"Dimbo Atiya, Karachi Atiya, Frank Abumere, Charity Adamu, Liz Benson, Clara Chapp-Jumbo]",34
The CEO,2016,95,"Drama, Mystery, Thriller            ",5.8,"Kunle Afolayan, Angélique Kidjo, Wale Ojo, Jimmy Jean-Louis, Hilda Dokubo]",124
The Lost Okoroshi,2019,105,"Action, Adventure, Drama            ",5.8,"Abba Makama, Seun Ajayi, Judith Audu, Tope Tedela, Olaye Benjamin]",191
Brave Heart 2,2005,102,Drama            ,5.8,"Add a Plot, John Uche, Emma Ayalogu, Emma Edokpay, Omotola Jalade-Ekeinde, Zack Orji]",12
Light in the Dark,2020,112,Thriller            ,5.8,"Ekene Som Mekwunye, Doddy Abili, Bimbo Ademoye, Marie Awolaja, Saidi Balogun]",42
Ajuwaya,2017,102,"Drama, Mystery            ",5.8,"Add a Plot, Tolu Lordtanner, Kemi Lala Akindoju, Christopher Darko, Timini Egbuson, Lanre Hassan]",6
Seven and a Half Dates,2018,91,Drama            ,5.8,"Add a Plot, Biodun Stephen, Toyin Abraham, Prince Agho, Roxy Antak, Fathia Balogun]",6
Diamonds in the Sky,2019,149,Drama            ,5.8,"Kunle Afolayan, Femi Adebayo, Omowunmi Dada, Joke Silva, Ali Nuhu]",6
Green White Green,2016,115,Comedy            ,5.8,"Abba Makama, Dabis Christopher, Erick Didie, Ifeanyi Dike Jr., Don Ekwuazi]",51
Oga Bolaji,2018,110,Drama            ,5.8,"See full summary, Kayode Kasum, Omowunmi Dada, Jasmine Fakunle, Ikponmwosa Gold, Gregory Ojefua]",8
Burning Bridges,2014,111,Comedy            ,5.8,"Okechukwu Oku, Ivie Okujaye, Ken Erics, Esther Audu, Suzuki Ultra]",5
Moonlight,2006,30,Drama            ,5.8,"Add a Plot, Ikenna Ezeugwu, Chika Anyanwu, Nonso Diobi, Louisa Nwobodo, Georgina Onuoha]",6
In Line,2017,103,"Comedy, Romance            ",5.9,"See full summary, Tope Oshin, Esosa Adah, Elsie Ajokku, Uzor Arukwe, Chris Attoh]",45
The Wedding Party,2016,94,Drama            ,5.9,"Kemi Adetiba, Adeolu Adefarasin, Alibaba Akporobome, Zainab Balogun, Stephen Damian]",641
Alter Ego,2017,81,"Game-Show, Reality-TV            ",5.9,"Moses Inwang, Ayenuro Ademola, Margaret Adewunmi, Rahila Ahmed, Abiola Atanda]",64
Big Brother Nigeria,2006,75,"Comedy, Romance            ",5.9,"Ebuka Obi-Uchendu, Venita Akpofure, Esther Agunbiade, Chukwuemeka Okoye]",35
Dinner at My Place,2022,30,"Comedy, Romance            ",5.9,"Kevin Luther Apaa, Bisola Aiyeola, Sophie Alakija, Gabriel Ameh, Timini Egbuson]",60
Flower Girl,2013,11,Drama            ,5.9,"Michelle Bello, Damilola Adegbite, Angela Adiele, Ahide Adum, Ijeoma Grace Agu]",114
August the First,2007,164,Comedy            ,5.9,"Lanre Olabisi, Ian Alsup, Dennis Rubin Green, Kerisse Hutchinson, Joy Merriweather]",237
Meet the In-Laws,2016,118,"Short, Drama            ",5.9,"See full summary, Niyi Akinmolayan, Dayo Amusa, Judith Audu, Lilian Esoro, Dickson Godwin]",28
Hell or High Water,2016,110,Short            ,5.9,"See full summary, Oluseyi Asurf, Tunbosun Aiyedehin, Godslight Brown, Cynthia Chika Okeke, Daniel K. Daniel]",25
Daughters of Chibok,2019,100,Drama            ,5.9,Joel Kachi Benson],8
Finding Mercy 1 & 2,2013,86,Drama            ,5.9,"Add a Plot, Desmond Elliot, Chioma Chukwuka Akpotha, Faith Bungie, Blossom Chukwujekwu, Rita Dominic]",9
Games Women Play 2,2005,91,Drama            ,5.9,"Add a Plot, Lancelot Oduwa Imasuen, Stella Damasus, Desmond Elliot, Omotola Jalade-Ekeinde, Genevieve Nnaji]",9
Evil Woman,2003,94,Drama            ,5.9,"Uju Aroh, Stephen Bonam, Sam Loco Efe, Camilla Mberekpe]",15
93 Days,2016,83,Drama            ,6.0,"Steve Gukas, Paul Adams, Seun Ajayi, Bimbo Akintola, Jide Attah]",1648
Thunderbolt: Magun,2001,72,Romance            ,6.0,"Tunde Kelani, Ojuolape Abayomi, Uche Ama Abriel, Motunrayo Adeoye, Bose Aderibigbe]",26
When Love Happens Again,2016,63,Comedy            ,6.0,"Seyi Babatope, Weruche Opia, Oreka Godis, Enyinna Nwigwe, Udoka Oyeka]",29
U-Turn,2022,57,"Drama, Romance, Thriller            ",6.0,"Gabriel Afolayan, Adunni Ade, Muyiwa Adegoke, Toyosi Adesanya, Gabriel Afolayan]",11
Road to Yesterday,2015,111,"Comedy, Drama            ",6.0,"Ishaya Bako, Genevieve Nnaji, Oris Erhuero, Chioma Omeruah, Baaj Adebule]",253
Taxi Driver: Oko Ashewo,2015,151,"Drama, Family            ",6.0,"See full summary, Daniel Oriahi, Odunlade Adekola, Ijeoma Grace Agu, Richard Akinlade, Babajide Alimison]",76
Children of Mud,2020,134,Drama            ,6.0,"Imoh Umoren, Matilda Obaseki, Liz Benson, Mariam Kayode, Raphael Jackson]",8
Light Out,2006,110,Drama            ,6.0,"Add a Plot, Nonso Ekene Okonkwo, Cres Adibe, Ify Afuba, Gentle Jack, Ebube Nwagbo]",25
Only in America,2005,169,Drama            ,6.0,"David DeCrane, Pascal Atuma, Tanjareen Thomas, Sandra Achuns, Shola Adeyemo]",51
Bursting Out,2010,101,Drama            ,6.0,"Add a Plot, Daniel Ademinokan, Desmond Elliot, Maryann Bassey, Cynthia Chika Okeke, Amanda Ebeye, Desmond Elliot]",10
Common Man,2015,110,"Drama, Romance            ",6.0,"Stanlee Ohikhuare, Omotu Bissong, Daniel O. David, Lord Frank, Taiwo Gasper]",5
Half of a Yellow Sun,2013,92,"Drama, Thriller            ",6.1,"Biyi Bandele, Chiwetel Ejiofor, Thandiwe Newton, Anika Noni Rose, Joseph Mawle]",2045005
Prophetess,2021,144,"Comedy, Drama            ",6.1,"See full summary, Niyi Akinmolayan, Toyin Abraham, Lateef Adedimeji, Uzor Arukwe, Kehinde Bankole]",21
Jénífà,2008,24,Drama            ,6.1,"Add a Plot, Muhydeen S. Ayinde, Tope Adebayo, Odunlade Adekola, Owolabi Adelaja, Toyosi Adesanya]",7
Ojo's in d' House,2013,122,Comedy            ,6.1,"See full summary, Najite Dede, Jude Chukwuka, Taiwo Arimoro, Funmi Eko]",11
Who Wants to Be a Millionaire?,2004,95,Game-Show            ,6.1,"Frank Edoho, Jerry O'Brien]",19
The Wait,2021,112,Drama            ,6.2,"Fiyin Gambo, Yemi Morafa, Ope Ade-Agbo, Mike Afolarin, Ifeanyi Akogo, Gloria Anozie]",22
Ojuju,2014,66,"Horror, Thriller            ",6.2,"See full summary, C.J. 'Fiery' Obasi, Gabriel Afolayan, Omowunmi Dada, Kelechi Udegbe, Meg Otanwa]",40
The Perfect Arrangement,2022,97,"Comedy, Romance            ",6.2,"Chinaza Onuzo, Melat Abera, Toba Aboyeji, Adunni Ade, Adebowale Adedayo]",46
The Delivery Boy,2018,30,"Drama, Thriller            ",6.2,"Adekunle Nodash Adejuyigbe, Ibrahim Jammal, Charles Etubiebi, Muyiwa Ayoola, Jemima Osunde]",94
Cold Feet,2020,130,Drama            ,6.2,"See full summary, Moses Inwang, Femi Adebayo, Padita Agu, Segun Arinze, Tom Banis]",59
"Hello, Rain",2018,14,"Short, Fantasy, Sci-Fi            ",6.2,"C.J. 'Fiery' Obasi, Keira Hewatch, Tunde Aladese, Ogee Nelson, Nnedimma Gemma Ofili-Egungwu]",25
The Visit,2015,142,"Comedy, Romance, Thriller            ",6.2,"Oyefunke Fayoyin, Blossom Chukwujekwu, Nse Ikpe-Etim, Femi Jacobs, Bayray McNwizu]",5
What Lies Within,2017,88,"Drama, Thriller            ",6.2,"Vanessa Nzediegwu, Michelle Dede, Ken Erics, Vanessa Nzediegwu, Odenike Odetola]",7
Rehearsal,2021,80,"Short, Drama            ",6.2,"Michael Omonua, Ruby Akubueze, Chimezie Imo, Amanda Oruh, Brutus Richard]",14
Shehu Umar,1976,150,Drama            ,6.2,"Adamu Halilu, Mairiga Aliyu, Umaru Dembo, Umaru Ladan, Assad Yasin]",13
Lunch Time Heroes,2015,15,Family            ,6.2,"Seyi Babatope, Diana Yekinni, Dakore Akande, Odenike Odetola, Ijeoma Aniebo]",18
Owo Blow: The Genesis,1997,22,Drama            ,6.2,"See full summary, Tade Ogidan, Femi Adebayo, Prince Leke Ajao, Kunle Ajediti, Bimbo Akintola]",5
Hooligans,1999,30,"Action, Drama, Romance            ",6.2,"Add a Plot, Tony Muonagor, Ayo Adesanya Hassan, Ejike Asiegbu, Okey Bakasi, Ejike Metusela]",6
30 Days,2006,99,"Short, Drama, Family            ",6.2,"See full summary, Mildred Okwo, Iyabo Amoke, Chet Anekwe, Segun Arinze, Najite Dede]",17
Big Man,2012,107,Drama            ,6.2,"Julius Onah, Adekunle Adeleke, Tunbosun Aiyedehin, Michael Asuelime, Kaptaintony Ofili-Akpom]",19
Unbreakable,2004,85,"Short, Drama            ",6.2,"Add a Plot, Frank O. Vaughan, Oscar Adiele, Dorris Agarason, Sylvia Agarason, Padita Agu]",13
Gone Nine Months,2017,100,Drama            ,6.2,"Lola Okusami, Najite Dede, Zoe Favour, Inimfon Iniama]",5
Throwing Stones,2010,119,"Comedy, Fantasy            ",6.2,"Success Akpojotor, Rita Okolo, Desmond Walter-Oriakhi, Pat Otokiti]",18
The Razz Guy,2021,104,Romance            ,6.3,"Udoka Oyeka, Lasisi Elenu, Nancy Isime, Omotunde Adebowale David, Shalewa Ashafa]",38
2 Weeks in Lagos,2019,120,Drama            ,6.3,"See full synopsis, Kathryn Fasegha, Toyin Abraham, Bambo Adebowale, Lawal Aramide, Ayanlola Ayankunle]",51
Mama Drama,2020,106,"Comedy, Drama            ",6.3,"Add a Plot, Seyi Babatope, Osas Ighodaro, Kunle Remi, Kehinde Bankole, Femi Adebayo]",8
Mokalik (Mechanic),2019,148,Drama            ,6.3,"See full summary, Kunle Afolayan, Tooni Afolayan, Simi Ogunleye, Femi Adebayo, Lateef Adedimeji]",157
11 Days 11 Nights,2005,110,Thriller            ,6.3,"Add a Plot, Kabat Esosa Egbon, Dakore Akande, Toyin Alausa, Frank Ani, Tega Arhuere]",15
4th Republic,2019,86,"Drama, Family, Romance            ",6.3,"See full summary, Ishaya Bako, Alfred 'Six Foot Plus' Atungu, Kayode Aiyegbusi, Audu Altine, Faith Animasahul]",51
Tango with Me,2010,99,Comedy            ,6.3,"Add a Plot, Mahmood Ali-Balogun, Sunday Afolabi, Queen Ahune, Bimbo Akintola, Sade Alder-Hayes]",47
Stupid Movie,2015,83,Drama            ,6.3,"Add a Plot, Stanlee Ohikhuare, Femi Akeredolu, Ganiyu Ayinde, Bashiru Balogun, Daniel O. David]",8
Doctor Lanre,2021,107,"Action, Drama            ",6.3,"Ayoka Thompson, Okey Uzoeshi, Femi Branch, Bolaji Ogunmola, Kachi Nnochiri]",45
Critical Decision,2004,116,Comedy            ,6.3,"Add a Plot, Lancelot Oduwa Imasuen, Prince Emeka Ani, Stephanie Linus, Richard Mofe-Damijo, Genevieve Nnaji]",12
Lies Men Tell 1 & 2,2013,97,"Crime, Drama, Mystery            ",6.3,"Ikechukwu Onyeka, Folake Amanfo, Korode Babatunde, Mofe Duncan, Aret Edet]",9
Home Alone,2006,100,"Comedy, Romance            ",6.3,"Add a Plot, Stanley Anaekwe, Okey McAnthony, Alaso Wariboko]",24
October 1,2014,90,Comedy            ,6.4,"Kunle Afolayan, Sadiq Daba, Kayode Olaiya, Ademola Adedoyin, David Bailie]",486
Phone Swap,2012,115,Drama            ,6.4,"Kunle Afolayan, Nse Ikpe-Etim, Wale Ojo, Joke Silva, Chika Okpala]",182
Through the Glass,2008,92,"Comedy, Drama            ",6.4,"Stephanie Linus, Garrett McKechnie, Stephanie Linus, Cheyenne Christenson, Brion Rose]",33
Tongue,2014,90,Drama            ,6.4,"See full summary, Osayande Agbontaen, Zack Orji, Tuvi James, Josephine Agbonmwanre, Legemah Henry]",7
The Johnsons,2012,30,Comedy            ,6.6,"Olumide Oworu, Ada Ameh, Chinedu Ikedieze, Charles Inojie]",12
Osuofia in London,2003,105,"Comedy, Drama            ",6.6,"See full synopsis, Kingsley Ogoro, Nkem Owoh, Mara Ashton, Francis Odega, Cynthia Okereke]",110
Bad Comments,2020,134,Comedy            ,6.6,"Moses Inwang, Jim Iyke, Osas Ighodaro, Sharon Ooja, Udomboso John Saviours]",56
Aki and Pawpaw,2021,133,"Comedy, Drama            ",6.6,"Biodun Stephen, Osita Iheme, Chinedu Ikedieze, Chioma Okafor, Stan Nze]",35
Gold Statue,2019,145,"Adventure, Comedy, Drama            ",6.6,"Tade Ogidan, Motunrayo Adeyemi, Kemi Afolabi, Gabriel Afolayan, Rychardo Agbor]",54
Kongi's Harvest,1970,85,Drama            ,6.6,"Ossie Davis, Wole Soyinka, Rasidi Onikoyi, Banjo Solaru, Femi Johnson]",36
A Place in the Stars,2014,112,"Drama, Thriller            ",6.6,"See full summary, Steve Gukas, Ibrahim Abubakar, Isiaka Adamu, Jubril Ahmed, Lantana Ahmed]",22
Hakkunde,2017,99,"Comedy, Drama            ",6.6,"See full summary, Oluseyi Asurf, Frank Donga, Rahama Sadau, Maryam Booth, Ibrahim Daddy]",49
The Ghost and the House of Truth,2019,67,Drama            ,6.6,"Akin Omotoso, Susan Wokoma, Kate Henshaw-Nuttal, Fabian Adeoye Lojede, Kemi Lala Akindoju]",41
Adia,2006,18,"Short, Drama            ",6.6,"Francis Polo, Harold Dennis, Senam Dey, Brooke Lawrence, Westly Parker]",41
Dangerous Beauty,2009,95,Drama            ,6.6,"Add a Plot, Ikechukwu Onyeka, Halimar Abubakar, Tonto Charity Dikeh, Desmond Elliot, Chika Ike]",6
A Deusa Negra,1979,64,"Drama, History            ",6.6,"See full summary, Ola Balogun, Jorge Coutinho, Sonia Santos, Zózimo Bulbul, Léa Garcia]",25
African Tales,2009,109,"Animation, Action, Adventure            ",6.6,"Obinna Onwuekwe, Sydney Ighedosa, Nsibibe Inana, Patience Njoku, Obinna Onwuekwe]",15
Private Sin 2,2003,120,Drama            ,6.6,"Add a Plot, Lancelot Oduwa Imasuen, Emma Ayalogu, Olu Jacobs, Stephanie Linus, Richard Mofe-Damijo]",5
Your Excellency,2019,115,Romance            ,6.7,"See full summary, Funke Akindele, Mike Afolarin, Kemi Lala Akindoju, Shaffy Bello, Kunle Coker]",48
Kasanova,2019,104,Thriller            ,6.7,"Oluseyi Asurf, Toyin Abraham, Odunlade Adekola, Taiwo Adeyemi, Ruby Akubueze]",56
Esohe,2017,117,"Comedy, Crime            ",6.7,"See full summary, Charles Uwagbai, Robert Peters, Maryjane Abdulsalam, Toyin Abraham, Madasriv Aby, Ugbo Adesuwa]",13
One Lagos Night,2021,113,Romance            ,6.7,"Ekene Som Mekwunye, Eniola Badmus, Ali Nuhu, Frank Donga, Ikponmwosa Gold]",19
Rule number one,2018,90,Comedy            ,6.7,"Lyndsey F. Efejuku, Bucci Franklin, Priye George, Keira Hewatch, Anita Hughes]",42
It's Her Day,2016,19,Action            ,6.7,"Add a Plot, Aniedi Awah Noba, Adunni Ade, Omobola Akinde, Shaffy Bello, Jude Chukwuka]",9
The Lost Number,2012,11,Musical            ,6.7,"Kester Nsirim, Sam Dede, Lisa Holsappel-Marrs, Sadiq Abu, Princess Edet]",27
Knocking on Heaven's Door,2014,59,Short            ,6.7,"Desmond Elliot, Majid Michel, Ini Edo, Adesua Etomi-Wellington, Blossom Chukwujekwu]",35
One Sunday Morning,1997,439,"Short, Drama            ",6.7,"Add a Plot, Manu Kurewa, Danielle Bryk, Stirling Gallacher, Erica Hunter, Michael Jempeji]",7
Troublemaker,2019,111,Drama            ,6.7,Olive Nwosu],15
Games Women Play,2005,84,Musical            ,6.7,"Add a Plot, Lancelot Oduwa Imasuen, Stella Damasus, Emeka Duru, Desmond Elliot, Nekpen Esiaje]",20
Ayamma: Music in the Forest,2016,119,"Crime, Drama            ",6.7,"Add a Plot, Chris Eneaji Eneng, Moses Armstrong, Christopher Bassey, Theresa Edem, Smart Edikan]",10
King of Boys: The Return of the King,2021,50,"Comedy, Fantasy            ",6.8,"Sola Sobowale, Efa Iwara, Titi Kuti, Nse Ikpe-Etim]",283
The Ghost and the Tout Too,2021,114,Comedy            ,6.8,"Michael Akinrogunde, Alexander Abolore, Anthony Abraham, Toyin Abraham, Lateef Adedimeji]",40
Kasala!,2018,110,Romance            ,6.8,"See full summary, Ema Edosio, Mike Afolarin, Gabriel Afolayan, Abayomi Alvin, Judith Audu]",32
Kambili: The Whole 30 Yards,2020,90,"Adventure, Drama            ",6.8,"See full summary, Kayode Kasum, Nancy Isime, Mawuli Gavor, Jide Kene Achufusi, Sharon Ooja]",49
Sitanda,2006,24,Comedy            ,6.8,"See full summary, Izu Ojukwu, Fidelis Abdulrahman, Wale Adebayo, Love Adejo, Gloria Adeyemi]",17
Ukwa,1995,105,War            ,6.8,"Add a Plot, Chika Onu, Sam Loco Efe, Amaechi Muonagor, Chinelo Ndigwe, Rita Nzelu]",7
A Soldier's Story,2015,114,"Comedy, Crime, Thriller            ",6.8,"Frankie Ogar, Baaj Adebule, Chukwuma Aligwekwe, Zainab Balogun, Daniel K. Daniel]",15
Ojukokoro (Greed),2016,106,"Drama, Romance, Thriller            ",6.8,"See full summary, Dare Olaitan, Charles Etubiebi, Tope Tedela, Seun Ajayi, Wale Ojo]",64
A Private Storm,2010,21,Comedy            ,6.8,"See full summary, Lancelot Oduwa Imasuen, Ikechukwu Onyeka, Innocent Abah, Christian Ajasaje, Peace Awak, Alex Ayalogu]",10
Jand Hustle,2013,99,Short            ,6.8,"Ehizojie Ojesebholo, Ehizojie Ojesebholo, Rachel Oniga, Oyinka Yusuff, Kevin Hallett]",7
La bague du roi Koda,1962,90,"Comedy, Drama            ",6.8,"Add a Plot, Moustapha Alassane]",6
Daddy Must Obey,2004,95,"Drama, Thriller            ",6.9,"Add a Plot, Sunday Nnajiude, Chiwetalu Agu, Don August, Asuelimhen Eromonsele, Ngozi Ezeonu]",9
Dinner,2016,116,Comedy            ,6.9,"See full summary, Jay Franklyn Jituboh, Okey Uzoeshi, Keira Hewatch, Enyinna Nwigwe, Kehinde Bankole]",47
Fate of Alakada,2020,163,Drama            ,6.9,"Kayode Kasum, Toyin Abraham, Broda Shaggi, Odunlade Adekola, Bimbo Ademoye]",58
She Is,2019,76,"Documentary, Short            ",6.9,"Add a Plot, Chris Eneaji Eneng, Somkele Iyamah-Idhalama, Chiwetalu Agu, Ime Bishop Umoh, Mawuli Gavor]",9
Charge and Bail,2021,95,"Comedy, Drama            ",7.0,"Uyoyou Adia, Femi Adebayo, Tunji Aderibigbe, Shammah Agah, Zainab Balogun]",11
The Lost Café,2018,76,Drama            ,7.0,"Kenneth Gyang, Tunde Aladese, Grace-Charis Bassey, Jenny Bonden, Tayo Citadel]",30
Couple of Days,2016,102,Drama            ,7.0,"Add a Plot, Tolu Lordtanner, Ademola Adedoyin, Unoaku Anyadike, Lilian Esoro, Adesua Etomi-Wellington]",23
B for Boy,2013,90,Drama            ,7.0,"Chika Anadu, Uche Nwadili, Ngozi Nwaneto, Nonso Odogwu, Frances Okeke]",143
Kpians: The Feast of Souls,2014,108,"Action, Horror            ",7.0,"Stanlee Ohikhuare, Ijeoma Grace Agu, Tunbosun Aiyedehin, Taiwo Gasper, Prisca Iwuoha]",11
The Blood Covenant,2022,109,"Drama, Thriller            ",7.1,"See full summary, Fiyin Gambo, Uzor Arukwe, Shalewa Ashafa, Tobi Bakre, Demi Banwo]",20
Hire a Woman,2019,72,"Comedy, Romance            ",7.1,"Ifeanyi Ikpoenyi, Uzor Arukwe, Grace-Charis Bassey, Alexx Ekubo, Ifu Ennada]",35
Osuofia in London 2,2004,105,Comedy            ,7.1,"Add a Plot, Kingsley Ogoro, Nkem Owoh, Mara Ashton, Francis Odega, Cynthia Okereke]",22
Confusion Na Wa,2013,125,"Comedy, Crime, Drama            ",7.1,"See full summary, Kenneth Gyang, Toyin Alabi, Tunde Aladese, Tina Attah, Agatha Bamgbaiye]",41
Unstoppable,2010,108,Drama            ,7.1,"Add a Plot, Fred Mayford, Yul Edochie, Gift Gabriel, Chika Ike, Muna Obiekwe]",9
If I Am President,2018,120,Thriller            ,7.1,"See full summary, Bright Wonder Obasi, Ray Adeka, Maryanne Adins, Olukayode Aiyegbusi, Rekiya Attah]",9
Last Girl Standing,2004,100,"Drama, Romance            ",7.1,"Add a Plot, John Uche, Remi Abiola, Funso Alabi, Fred Amata, Gloria Anozie]",9
Die Another Day,2004,120,"Action, Thriller            ",7.1,"See full synopsis, Tarila Thompson, Sam Dede, Enebeli Elebuwa, Ayo Emmanuel, Omotola Jalade-Ekeinde]",11
King of Thieves,2022,140,"Action, Drama, Fantasy            ",7.2,"Tope Adebayo, Adebayo Tijani, Toyin Abraham, Femi Adebayo, Azeez Adebowale, Lateef Adedimeji]",71
Voiceless,2020,93,Thriller            ,7.2,"See full summary, Robert Peters, Mary Anawo, Musa Ashoms, Rekiya Attah, Thankgod Bitrus]",40
Fine Wine,2021,111,Romance            ,7.2,"Seyi Babatope, Baaj Adebule, Ademola Adedoyin, Segun Arinze, Kameel Audu]",52
Ile Owo,2022,113,Thriller            ,7.2,"Add a Plot, Dare Olaitan, Bukunmi Adeaga-Ilori, Ademola Adedoyin, Bisola Aiyeola, Sophie Alakija]",8
Billionaires Club,2003,75,Drama            ,7.2,"Add a Plot, Afam Okereke, Fabian Adibe, Nebechi Adione, Sam Ajah, Chuma Ajoku]",6
This Lady Called Life,2020,50,Drama            ,7.2,"Kayode Kasum, Bisola Aiyeola, Bamidele Akingbulu, Rhoda Albert, Samuel Asa'ah]",66
La Femme Anjola,2021,79,Thriller            ,7.2,"Mildred Okwo, Paul Adams, Jumoke Aderounmu, Nonso Bassey, Ego Boyo]",6
Falling,2015,86,Drama            ,7.2,"Niyi Akinmolayan, Kofi Adjorlolo, Lota Chukwu, Blossom Chukwujekwu, Tamara Eteimo]",22
Love Is War,2019,63,Drama            ,7.2,"Omoni Oboli, Fisayo Adefolaju, Shaffy Bello, William Benson, Yemi Blaq]",35
Seven,2019,90,Drama            ,7.2,"Tosin Igho, Kehinde Ajayi, Ogunsanwo Anita, Chiemela Azurunwa, Sadiq Daba]",32
For Maria Ebun Pataki,2020,109,Drama            ,7.2,"Damilola Orimogunje, Meg Otanwa, Gabriel Afolayan, Tunbosun Aiyedehin, Dayo Akinboro]",10
Behind Closed Doors,2005,138,Drama            ,7.2,"Add a Plot, Lancelot Oduwa Imasuen, Stella Damasus, Desmond Elliot, Lilian Ikpe, Richard Mofe-Damijo]",5
Wives on Strike,2018,95,"Action, Comedy, Crime            ",7.2,"See full summary, Uche Jombo, Yinka Pearce-Tijani, Kehinde Bankole, Chioma Chukwuka Akpotha]",11
Bastard Son of a Thousand Fathers,2016,113,"Comedy, Drama, Family            ",7.2,"Lanre Sarumi, Lanre Sarumi, Tirf Alexius, Remoh Romeo, Hugh Grady]",24
Funke!,2018,108,Drama            ,7.2,"Yemi Morafa, Segun Arinze, Eniola Badmus, Frank Donga, Mirachle Inyanda]",14
Sacred Lies,2011,17,"Comedy, Drama            ",7.2,"Add a Plot, Ikechukwu Onyeka, Genevieve Nnaji, Desmond Elliot, Nadia Buari, Ecow Smith-Asante]",5
Maradona,2003,81,Drama            ,7.2,"Add a Plot, Muka Ray Eyiwuni, Kayode Abolarin, Awofe Afolayan, Toyin Bakaare, Fathia Balogun]",13
Be with me,2022,90,Drama            ,7.2,"See full summary, Queen Edith Anidebe, Yannick Davidson Annoh, Emmanuel Chukwuedozie Chikwe, Princess Rita Gbiloko]",20
The Griot,2021,113,Drama            ,7.3,"Adeoluwa Owu, Abimbola Adebajo, Lateef Adedimeji, Yewande Adekoya, Jare Adeniregun]",28
Castle & Castle,2018,92,Comedy            ,7.3,"Blossom Chukwujekwu, Dakore Akande, Deyemi Okanlawon, Daniel Etim Effiong]",160
The New Normal,2020,120,Drama            ,7.3,"Teniola Olatoni, Adunni Ade, Bimbo Akintola, Kehinde Bankole, Yemi Blaq]",8
Arugba,2009,110,"Crime, Drama, Thriller            ",7.3,"Tunde Kelani, Remi Abiola, Segun Adefila, Jare Adeniregun, Folake Adeparusi]",18
O-Town,2015,109,Comedy            ,7.3,"See full summary, C.J. 'Fiery' Obasi, Paul Utomi, Brutus Richard, Ifeanyi Delvin, Chucks Chyke]",10
The Tom & Jerry 2,2003,110,Comedy            ,7.5,"Kenneth Egbuna, Ada Ameh, Osita Iheme, Chinedu Ikedieze, Larry Koldsweat]",8
Omo Ghetto: The Saga,2020,102,"Action, Adventure, Comedy            ",7.6,"Funke Akindele, Abdulrasheed Bello, Yewande Adebayo, Austin Adugbe, Mercy Aigbe, Esther Aikpokpoje]",78
Ratnik,2020,120,"Action, Sci-Fi            ",7.6,"See full summary, Dimeji Ajibola, Osas Ighodaro, Bolanle Ninalowo, Paul Utomi, Adunni Ade]",29
BlackRose,2018,136,Drama            ,7.6,"Add a Plot, Okechukwu Oku, Jide Kene Achufusi, Betty Bellor, Blossom Chukwujekwu, Austin Ezeh]",55
The Milkmaid,2020,105,Drama            ,7.6,"Desmond Ovbiagele, Maryam Booth, Ibrahim Jammal, Anthonieta Kalunta, Faruq Usman Kona]",28
LadyBuckit & The MotleyMopsters,2020,140,"Animation, Adventure, Fantasy            ",7.6,"See full summary, Adebisi Adetayo, Jessica Edwards, Patrick Doyle, Bimbo Akintola, Awazi Angbalaga]",8
Abeni,2006,109,Romance            ,7.6,"Tunde Kelani, Kareem Adepoju, Moufoutaou Akadiri, Aboh M. Akinocho, Abdel Hakim Amzat]",27
Iyore,2015,4,Drama            ,7.6,"See full summary, Frank Rajah Arase, Rita Dominic, Joseph Benjamin, Okawa Shaznay, Paul Obazele]",25
Sàngó: The Legendary African King,1998,120,Drama            ,7.6,"Femi Lesode, Wale Adebayo, Bunmi Sanya, Wale Ogunyemi, Jimi Sholanke]",17
Rush Hour 2,2007,104,"Drama, Romance            ",7.6,"Add a Plot, Afam Okereke, Tonto Charity Dikeh, Nonso Diobi, Uche Jombo, McMorris Ndubueze]",10
Emergency Wedding,2003,102,Short            ,7.6,"Add a Plot, Adim Williams, Abubakar Abu, Chukwuma Adimonye, Mercy Atubi, Clarion Chukwura-Abiola]",7
The Young Smoker,2011,115,"Drama, Romance            ",7.6,"Tope Oshin, Olakunle Fawole, Adedoyin Jayesimi, Adeleye Jayesimi]",5
Gidi Up,2013,51,"Action, Crime            ",7.6,"Oreka Godis, Demi Banwo, Adesua Etomi-Wellington, O.C. Ukeje]",16
Brotherhood,2022,100,Drama            ,7.7,"Loukman Ali, Jide Kene Achufusi, Adetayo Adebowale, Adebowale Adedayo, Kehinde Adeyanu]",105
The Therapist,2021,150,Action            ,7.7,"Kayode Kasum, Toyin Abraham, Oddman Emeka Aneke, Adeola Animashaun, Ijenebe Azubuike]",7
Mamba's Diamond,2021,125,"Action, Crime, Thriller            ",7.7,"Add a Plot, Seyi Babatope, Gabriel Afolayan, Venita Akpofure, Osas Ighodaro, Nse Ikpe-Etim]",6
Knockout Blessing,2018,125,Drama            ,7.7,"See full summary, Dare Olaitan, Ade Laoye, Bucci Franklin, Ademola Adedoyin, Linda Ejiofor]",18
Aya mi òwòn: Madam Dearest,2005,103,"Action, Drama, Romance            ",7.7,"Tade Ogidan, Deji Adenuga, Kareem Adepoju, Opeyemi Ayeola, Lanre Balogun]",11
Slave Warrior: The Begining,2007,105,Horror            ,7.7,"Oliver Mbamara, Chioma Adibe, Fabian Adibe, Regina Askia, Guile Branco]",8
The forest is dreadful,2022,105,Drama            ,7.7,"Val Sunny Olisemeka, Queen Edith Anidebe, Yannick Davidson Annoh, Emmanuel Chukwuedozie Chikwe, Happy Lukman]",22
White Waters,2007,90,Adventure            ,7.7,"Add a Plot, Izu Ojukwu, Fidelis Abdulrahman, B.S. Abok, Suleiman Adara, Tolu Daniel Aluko]",7
Harsh,2021,91,Reality-TV            ,7.7,"Marvelous Excel Agbogwe, Yannick Davidson Annoh, Emmanuel Chukwuedozie Chikwe, Princess Rita Gbiloko]",26
MTV Base Presents: Inside Life with Erica,2021,99,Drama            ,7.7,Erica Nlewedim],255
Rattle Snake,1995,117,Drama            ,7.8,"See full summary, Amaka Igwe, Ndidi Anyanuka, Francis Duru, Okey Igwe, Chris Iheuwa]",12
Glamour Girls,1994,130,Comedy            ,7.8,"Add a Plot, Chika Onukwufor, Remi Abiola, Kingsley Ahizu, Bukky Ajayi, Charity Peace Ameh]",13
Introducing the Kujus,2020,115,Adventure            ,7.8,"Biodun Stephen, Bisola Aiyeola, Femi Jacobs, Ronke Odusanya, Timini Egbuson]",19
Igodo,1999,106,Drama            ,7.8,"Andy Amenechi, Don Pedro Obaseki, Sam Dede, Amaechi Muonagor, Charles Okafor, Prince James Uche]",12
Agogo èèwò,2002,247,Drama            ,7.8,"Tunde Kelani, Awosika Ife Abosede, Gbenga Adebayo, Aderemi Adedeji, Tunde Adegbola]",9
Hustlers,2014,90,"Drama, Thriller            ",7.8,"See full summary, Elvis Chuks, Clarion Chukwura-Abiola, Ana Flavia Gavlak, Nse Ikpe-Etim, Ik Ogbonna]",29
Lotanna,2017,35,"Action, Thriller            ",7.8,"See full summary, Toka McBaror, Ama K. Abebrese, Henry Adofo, Chris Attoh, Liz Benson]",10
Blood Diamonds,2004,30,"Drama, Romance            ",7.8,"Add a Plot, Teco Benson, Zulu Adigwe, Hanks Anuku, Lanre Balogun, Eunice Becker]",10
Tokunboh,1999,88,Drama            ,7.8,"Mlemchukwu Prospect, Andre Mayers, Ursaline Bryant, Kate Henshaw-Nuttal, Pete Edochie]",17
Spotlight,2015,100,Drama            ,7.8,"Sunkanmi Adebayo, Desmond Elliot, Segun Arinze, Omoni Oboli, O.C. Ukeje]",18
Ijakumo: The Born Again Stripper,2022,105,Drama            ,7.9,"Adebayo Tijani, Toyin Abraham, Lilian Afegbai, Eso Dike, Antar Laniyan]",12
Gone,2021,46,Drama            ,7.9,"See full summary, Daniel Ademinokan, Bimbo Ademoye, Jumoke Aderounmu, Ahmed Adio, Gabriel Afolayan]",24
The Bodyguard,2018,99,Drama            ,8.0,"Chris Eneaji Eneng, Gloria Akhimien, Segun Arinze, Njoku Benjamin, Funny Bone]",37
Beyond Riches,2020,60,Action            ,8.0,"Add a Plot, Hamza Abdullah, Emmy Williams, Hamza Abdullah, Peter Achimugu, Sophy Adams]",9
 King of Boys: The Return of the King,2021,60,"Crime, Drama            ",8.0,"X, Kemi Adetiba, Sola Sobowale, Richard Mofe-Damijo, Remilekun Reminisce Safaru, Keppy Ekpenyong-Bassey]",17
Passport,2021,120,Comedy            ,8.1,"Add a Plot, Dimeji Ajibola, Daniel Abua, Lateef Adedimeji, Stephen Damian, Lina Idoko]",13
Breaded Life,2022,30,"Comedy, Drama, Fantasy            ",8.1,"Biodun Stephen, Lateef Adedimeji, Bimbo Ademoye, Dior Adiele, Bisola Aiyeola]",100
Obara'M,2021,43,"Drama, Musical            ",8.1,"Add a Plot, Kayode Kasum, Angeloh, Ikekhua Anthonia, William Chinoyenem, Sydney Egere]",8
Ajoche,2022,123,Drama            ,8.1,"Lota Chukwu, Chris Okagbue, Hilda Dokubo, Femi Branch]",8
Desperate Housewives Africa,2018,26,"Comedy, Mystery            ",8.1,"Samuel Abiola Robinson, Ozzy Agu, Joseph Benjamin, Kehinde Bankole]",33
Progressive Tailors Club,2015,93,Comedy            ,8.1,"Biodun Stephen, Adesina Adebayo, Alakija Adebayo, Femi Adebayo, Lateef Adedimeji]",8
Twins of the Rain Forest,2021,157,"Short, Drama            ",8.1,"See full summary, Odion P. Agboh, Olu Jacobs, Jude Orhorha, Joke Silva]",7
Heavy Rain,1999,60,Drama            ,8.1,"Add a Plot, Afam Okereke, Love Uzoma Akanah, Chioma Chukwuka Akpotha, Mary-Jane Alagboso, Lasa Amoro]",16
Maami,2004,60,Drama            ,8.1,"See full summary, Tunde Kelani, Funke Akindele, Wole Ojo, Ayomide Abatti, Tamilore Kuboye]",18
Dangerous Twins,2011,30,Drama            ,8.1,"See full summary, Tade Ogidan, Bimbo Akintola, Lanre Balogun, Stella Damasus, Danielle Moubarak]",10
Letters to a Stranger,2004,119,"Drama, Romance            ",8.1,"Fred Amata, Fred Amata, Eucharia Anunobi Ekwu, Segun Arinze, D. Banj]",10
 King of Boys: The Return of the King,2007,99,"Crime, Drama            ",8.1,"X, Kemi Adetiba, Sola Sobowale, Nse Ikpe-Etim, IllBliss, Remilekun Reminisce Safaru]",16
 King of Boys: The Return of the King,2021,30,"Crime, Drama            ",8.1,"X, Kemi Adetiba, Sola Sobowale, IllBliss, Remilekun Reminisce Safaru, Efa Iwara]",17
Before 30,2021,93,Drama            ,8.2,"Damilola Adegbite, Tunbosun Aiyedehin, Zainab Balogun, Patrick Diabuah]",21
Christmas in Miami,2021,93,Comedy            ,8.2,"See full summary, Robert Peters, Manoj Chandra, Verne Alexandre, John Amos, Azariea Burchett]",69
Ayinla,2021,84,Drama            ,8.2,"Tunde Kelani, Edunjobi Abdulganiu, Adebowale Adedayo, Lateef Adedimeji, Bimbo Ademoye]",39
2 Rats,2015,8,"Comedy, Family            ",8.2,"Add a Plot, Andy Chukwu, Andy Chukwu, Ricky Ezeh, Osita Iheme, David Ihesie]",5
Mr Ibu,2021,82,Comedy            ,8.2,"Add a Plot, Andy Chukwu, John Okafor, Osita Iheme, Stephen Ahanaonu, Jennifer Nduka]",16
Super Eagles '96,2021,66,Documentary            ,8.2,"Add a Plot, Yemi Bamiro]",5
Journey of an African Colony: The Making of Nigeria,2003,110,Documentary            ,8.2,],29
The Wig,2004,9,"Drama, Fantasy, Romance            ",8.2,"Patrick Odjegba, Okereke Jessica Adaobi, Ojiri Adetoun, Omobola Akinde, Patience Akwubo]",15
A Million Tears,2022,105,"Drama, Romance            ",8.2,"Add a Plot, Tchidi Chikere, Patrick Doyle, Kate Henshaw-Nuttal, Emeka Ike]",6
The Narrow Path,2019,36,Drama            ,8.2,"Add a Plot, Tunde Kelani, S. Ade Abiodun, Remi Abiola, Segun Adefila, Deji Aderemi]",7
Kasarmu Ce: This Land Is Ours,2021,60,Thriller            ,8.2,"See full summary, Saddik Balewa, Umaru Uba Gaya, Mustafa Mohammed, Sani Muhammad Shira, Kasimu Yaro]",8
Turtle Taido: The Story of the Elephant (director's cut),2006,93,"Short, Family            ",8.2,"See full summary, Artie Romero, Patience Bassey, Adanma Kayode, Muyiwa Kayode]",7
The Chosen One 2,2006,82,Drama            ,8.2,"Add a Plot, Jayke Aernan, Psalm Adjeteyfio, Kofi Adjorlolo, Jayke Aernan, Genevieve Nnaji]",7
Baby Police,1991,60,"Comedy, Drama, Family            ",8.3,"See full synopsis, Amayo Uzo Philips, Daniel Agadaga, Uchenna Agu, Oluchi Agunwa, Ozo Akubueze]",43
The Undoing,2020,50,Drama            ,8.3,"Ama Obi, Jenifer Brown, Tessy Dickson, Dennis Ejiogu, Bryan Emmanuel]",40
Gangster Paradise,2003,100,Action            ,8.3,"Add a Plot, Ifeanyi Ikpoenyi, Grace Amah, Emma Ayalogu, Emma Ehumadu, Tony Goodman]",25
Idahosa Trails,2003,50,Drama            ,8.3,"Stanlee Ohikhuare, David Schifter, Charles Okafor, Kunle Idowu, Osas Ighodaro]",11
Forbidden,2018,27,Drama            ,8.5,"Kunle Remi, Tina Mba, Charles Etubiebi, Theresa Edem]",6
Visions,2017,19,"Short, Fantasy, Horror            ",8.5,"Abba Makama, C.J. 'Fiery' Obasi, Michael Omonua, Sunara Begum, Valerie Dish, Francisca Eleyele, Yvonne Enakhena]",7
Adventures of Turtle Taido,2015,60,Animation            ,8.5,"Samuel Adeseko, Tobi Ajakaye, Ayomikun Akala, Patience Bassey]",14
Atonement,2005,38,Drama            ,8.5,"Add a Plot, Fos Nwaokike, Prince Emeka Ani, Emmanuel France, Livinus Nnochiri, Fos Nwaokike]",26
 King of Boys: The Return of the King,2021,10,"Crime, Drama            ",8.5,"X, Kemi Adetiba, Sola Sobowale, IllBliss, Efa Iwara, Osas Ighodaro]",29
 Shuga,2021,84,Drama            ,8.5,"X, See full summary, Biyi Bandele, Chris Attoh, Timini Egbuson, Kc Ejelonu, Sharon Ezeamaka]",7
Sham to Glam,2009,15,"Comedy, Romance            ",8.6,"Add a Plot, Akin-Tijani Balogun, Nana Abdulmalik, Bimbo Ademoye, Ajakaya Aliyah, Monsuru Amodu]",8
Ìfé,2013,103,"Short, Romance            ",8.6,"Uyaiedu Ikpe-Etim, Uzoamaka Aniunoh, Cindy Amadi]",13
The Washerman,2022,12,"Comedy, Romance            ",8.6,"Charles Uwagbai, Judith Audu, Stephen Damian, Sani Danja, Frank Donga]",9
Our Best Friend's Wedding,2020,6,Drama            ,8.6,"See full summary, Adebola Olowu, Oreka Godis, Marycolette Unamka, Gbemi Olateru-Olagbegi]",9
Waiting for Hassana,2018,141,"Documentary, Short            ",8.6,Ifunanya Maduka],15
Downhill,2017,133,Drama            ,8.6,"Michael Akinrogunde, Blessing Abraham, Bimbo Ademoye, Blossom Chukwujekwu, Judge Clinton]",6
The Bridesmaid,2017,47,"Animation, Short            ",8.6,"Add a Plot, Charles Novia, Chioma Chukwuka Akpotha, Bernadette Balogun, Stella Damasus, Salako David]",10
Emeka's Money,2021,30,"Horror, Thriller            ",8.6,"See full summary, Mbuotidem Johnson, Raymond Abia, Rodney Abia, Oluoma Anyaogu, Korede Johnson]",5
Cold Calm,2005,11,"Short, Family            ",8.6,"Tyna Ezenma, Gbenro Ajibade, Victor Chude, Sydney Diala, Desmond Ekeh]",9
Turtle Taido in Osun and Kogi States,2020,180,"Short, Comedy            ",8.6,"See full summary, Artie Romero, Adanma Kayode, Muyiwa Kayode]",8
The Cafe or the Kettle,2020,47,Comedy            ,8.6,"Onome Egba, Onyedika Okafor]",5
Battle on Buka Street,2018,115,Action            ,8.7,"Funke Akindele, Tobi Makinde, Bimbo Ademoye, Funke Akindele, Sani Danja, Moshood Fattah]",42
Desperadoes,2016,112,Comedy            ,8.7,"Add a Plot, Izu Ojukwu, Jerry Amilo, Hanks Anuku, Eucharia Anunobi Ekwu, Stephen Chang]",7
Aki & PawPaw,2022,79,Drama            ,8.7,"Add a Plot, Osita Iheme, Chinedu Ikedieze]",13
Edge of Paradise,2001,92,Adventure            ,8.7,"Add a Plot, Joseph Benjamin, Tope Tedela, Ebuka Ekpunobi, Toyin Alausa]",7
Jenifa's Diary,2015,25,Comedy            ,9.1,"Hawwal .E. Ogungbadero, Frances Okeke, Jack Loy, Yinka Pearce-Tijani]",36
Poka Messiah,2016,96,Action            ,9.1,"Add a Plot, Ernest Obi, Jide Kene Achufusi, Jude Thomas Dawam, Yul Edochie, Erica Nlewedim]",8
On the Real,2016,20,Comedy            ,9.1,"See full summary, Folu Storms, Chy Nwakanma, Ini Dima Okojie, Nancy Isime]",26
Blood Sister 2,2003,6,Drama            ,9.2,"Add a Plot, Tchidi Chikere, Chelsea Gabriel, Omotola Jalade-Ekeinde, Genevieve Nnaji, Oge Okoye]",5
Diamond Ring,1998,30,"Drama, Thriller            ",9.2,"See full summary, Tade Ogidan, Bukky Ajayi, Bimbo Akintola, Tunji Bamishigbin, Liz Benson]",8
This Is It,2016,25,Romance            ,9.2,"Yinka Pearce-Tijani, Bimbo Ademoye, Teniola Aladese, Nick Mutuma]",26
Inanity,2021,107,"Short, Drama, Sci-Fi            ",9.2,"Christopher Okonkwo, Kyim Andrew, Sarah Andrew, McYoungee, Mark Musa]",6
Ogbologbo,2003,25,"Action, Thriller            ",9.3,"Add a Plot, Monsuru Obadina, Mulikat Adegbola, Sikiru Adesina, Lanre Hassan, Dele Odule]",6
Battleground: Africa Magic,2017,114,Drama            ,9.3,"Onyinye Love Mba, Ifeanyi Akogo, Lola Adamson, Ini Dima Okojie]",16
Halita,2020,30,Drama            ,9.4,"See full summary, Chisom Agoawuike, Ummi Baba-Ahmed, Boma Ilamina-Eremie, Bassey Ekpo Bassey]",30
The Men's Club,2019,67,Drama            ,9.4,"Baaj Adebule, Ayoola Ayolola, Efa Iwara, Daniel Etim Effiong]",34
Kinsman,2018,116,"Comedy, Drama, Romance            ",9.6,"Doris Ariole, Omobola Akinde, Bridget Chigbufue, Emma Chinedum, Lota Chukwu]",6
Battleground,2017,153,Drama            ,9.6,"Add a Plot, Ini Dima Okojie, Joke Silva, Shaffy Bello, Gbenga Titiloye]",5
Battle of Musanga,1996,96,Drama            ,9.6,"Bolaji Dawodu, Chiwetalu Agu, Eucharia Anunobi Ekwu, Chika Anyanwu, Obi Madubogwu]",5
Investment chat in a RR with Stephen Akintayo,2020,121,Talk-Show            ,9.7,"Add a Plot, Omotunde Adebowale David, Gbenga Adeyinka, Abiodun Olopade, Joke Silva]",14
Double Mama,2013,132,Comedy            ,9.8,"See full synopsis, Andy Chukwu, Chiwetalu Agu, Osita Iheme, Ify Dollars, Andy Chukwu]",26
Strangers,2022,34,Drama            ,9.8,"Biodun Stephen, Lateef Adedimeji, Bimbo Akintola, Daniel Bogunmbe, Ndamo Damarise]",15
